case_id,peak_zone,peak_ply,peak_radius_mm,peak_z_mm,boss_radius_mm,inner_radius_mm
11l_0001,left_dome,hoop_2_minus,25.004,-233.831,26.5,89.76
11l_0002,cylinder,hoop_1_minus,78.144,188.883,24.14,83.02
11l_0003,cylinder,hoop_1_minus,77.941,198.087,28.17,81.41
11l_0004,cylinder,hoop_1_minus,77.851,191.587,23.8,81.48
11l_0005,left_dome,hoop_2_plus,28.015,-254.55,29.47,85.47
11l_0006,left_dome,hoop_2_minus,28.326,-246.445,27.42,89.22
11l_0007,cylinder,hoop_1_minus,76.922,197.725,24.09,79.98
11l_0008,cylinder,hoop_1_minus,87.66,151.45,26.28,90.64
11l_0009,cylinder,hoop_1_minus,77.887,192.383,24.4,80.68
11l_0010,boss,transition_1_minus,35.748,254.895,29.15,86.14
11l_0011,left_dome,hoop_3_plus,27.885,-282.419,28.58,80.95
11l_0012,boss,hoop_1_minus,34.126,225.21,31.81,93.81
11l_0013,cylinder,hoop_1_minus,76.545,181.583,24.42,81.59
11l_0014,boss,hoop_2_plus,27.189,255.315,28.1,86.26
11l_0015,left_dome,hoop_3_minus,24.775,-288.853,26.49,80.46
11l_0016,cylinder,helical_2_minus,100.006,131.954,26.36,93.9
11l_0017,left_dome,hoop_2_minus,24.308,-252.204,25.47,86.5
11l_0018,left_dome,hoop_2_minus,28.147,-226.527,27.97,93.4
11l_0019,left_dome,hoop_2_minus,30.013,-228.375,31.75,91.13
11l_0020,junction,hoop_1_minus,83.612,153.521,25.28,86.07
11l_0021,left_dome,hoop_2_plus,26.472,-227.525,28.03,90.92
11l_0022,cylinder,hoop_1_minus,82.375,169.154,28.37,86.24
11l_0023,boss,transition_1_plus,32.943,297.081,26.39,79.24
11l_0024,junction,hoop_1_minus,87.227,142.867,30.87,92.0
11l_0025,left_dome,transition_1_plus,35.054,-226.318,28.91,91.43
11l_0026,left_dome,hoop_2_minus,27.939,-300.785,27.42,78.62
11l_0027,left_dome,hoop_2_minus,22.396,-314.24,22.85,76.6
11l_0028,left_dome,hoop_3_minus,28.495,-218.107,29.13,94.13
11l_0029,cylinder,hoop_1_minus,82.653,168.529,29.75,86.52
11l_0030,left_dome,hoop_2_minus,29.889,-236.028,30.67,90.59
11l_0031,left_dome,hoop_2_minus,28.992,-216.462,30.78,93.28
11l_0032,left_dome,hoop_2_minus,27.721,-289.573,26.6,81.04
11l_0033,left_dome,helical_1_plus,46.026,-222.866,28.67,94.49
11l_0034,boss,helical_3_minus,37.062,240.133,25.79,91.35
11l_0035,left_dome,hoop_3_minus,27.577,-264.51,29.59,84.09
11l_0036,left_dome,hoop_2_minus,25.218,-246.969,26.42,87.44
11l_0037,left_dome,hoop_2_plus,23.896,-314.936,24.6,76.49
11l_0038,junction,hoop_1_minus,87.824,134.871,28.25,92.72
11l_0039,junction,hoop_2_plus,82.218,157.292,26.88,88.75
11l_0040,cylinder,hoop_1_minus,73.4,213.329,22.99,76.66
11l_0041,left_dome,hoop_2_minus,26.157,-238.528,26.42,89.62
11l_0042,cylinder,hoop_1_minus,81.226,180.887,25.49,84.51
11l_0043,left_dome,hoop_2_minus,27.161,-252.877,26.82,86.93
11l_0044,left_dome,hoop_2_plus,26.635,-274.194,27.54,82.14
11l_0045,left_dome,transition_2_plus,22.015,-309.68,24.31,76.44
11l_0046,cylinder,hoop_1_minus,91.66,122.579,26.93,95.08
11l_0047,cylinder,hoop_1_minus,83.161,145.629,25.7,88.14
11l_0048,cylinder,helical_2_plus,96.796,149.454,28.4,90.49
11l_0049,left_dome,hoop_2_minus,32.166,-217.181,32.33,94.65
11l_0050,left_dome,hoop_2_minus,24.135,-289.367,25.67,80.02
11l_0051,left_dome,hoop_2_minus,32.952,-213.023,34.11,94.8
11l_0052,left_dome,helical_1_plus,43.324,-238.444,27.76,90.13
11l_0053,cylinder,helical_2_plus,92.203,178.375,28.16,85.11
11l_0054,junction,hoop_1_minus,79.002,177.671,30.35,85.39
11l_0055,cylinder,hoop_1_minus,79.663,183.783,25.74,84.0
11l_0056,junction,hoop_1_plus,75.379,193.413,26.54,79.22
11l_0057,left_dome,hoop_2_minus,24.671,-273.95,25.98,82.46
11l_0058,left_dome,hoop_3_minus,29.317,-222.27,30.38,93.73
11l_0059,left_dome,hoop_1_minus,25.802,-318.902,23.22,77.26
11l_0060,left_dome,hoop_2_minus,23.507,-308.856,24.15,77.5
11l_0061,left_dome,hoop_2_minus,30.549,-242.707,30.4,88.84
11l_0062,boss,transition_1_minus,34.673,246.084,27.76,87.98
11l_0063,junction,hoop_2_plus,82.06,168.671,27.95,86.37
11l_0064,boss,helical_3_plus,38.813,222.153,27.76,95.32
11l_0065,left_dome,hoop_3_minus,29.38,-218.635,29.83,93.96
11l_0066,left_dome,hoop_2_minus,32.589,-223.492,32.67,93.38
11l_0067,left_dome,hoop_1_minus,21.605,-310.519,21.84,77.19
11l_0068,junction,hoop_1_minus,86.899,149.617,28.92,90.83
11l_0069,boss,helical_4_plus,34.413,259.298,24.78,86.79
11l_0070,cylinder,hoop_1_minus,85.728,154.979,31.31,87.69
11l_0071,left_dome,hoop_1_minus,28.783,-320.262,26.51,76.72
11l_0072,left_dome,hoop_2_minus,21.38,-318.898,22.04,76.28
11l_0073,left_dome,hoop_2_minus,24.452,-245.531,26.36,87.26
11l_0074,left_dome,hoop_2_plus,24.204,-292.527,26.92,78.92
11l_0075,cylinder,hoop_1_plus,93.208,-106.643,27.03,95.57
11l_0076,junction,hoop_1_plus,79.077,190.621,28.49,81.34
11l_0077,boss,hoop_3_plus,28.295,239.883,28.51,89.34
11l_0078,left_dome,hoop_2_minus,25.581,-213.531,27.22,94.9
11l_0079,cylinder,hoop_1_minus,71.985,228.087,26.36,76.0
11l_0080,left_dome,hoop_2_minus,30.201,-238.168,28.59,90.54
11l_0081,left_dome,hoop_2_minus,25.991,-310.584,27.04,77.13
11l_0082,left_dome,hoop_3_minus,31.86,-212.138,32.75,95.33
11l_0083,left_dome,hoop_2_plus,25.645,-290.403,23.29,81.52
11l_0084,cylinder,hoop_2_minus,83.948,-84.35,28.43,92.43
11l_0085,cylinder,hoop_1_minus,73.317,217.858,23.73,76.2
11l_0086,left_dome,hoop_2_minus,28.055,-222.551,30.06,91.67
11l_0087,junction,hoop_1_plus,83.867,157.488,27.76,86.87
11l_0088,cylinder,hoop_1_minus,82.38,168.062,30.74,85.58
11l_0089,cylinder,hoop_1_minus,79.481,169.512,28.22,83.09
11l_0090,junction,hoop_1_minus,77.653,187.692,25.1,81.99
11l_0091,cylinder,hoop_1_minus,72.701,223.883,24.06,76.74
11l_0092,left_dome,hoop_2_minus,28.53,-250.753,30.77,86.67
11l_0093,left_dome,hoop_3_plus,28.238,-262.889,29.57,84.44
11l_0094,left_dome,hoop_3_plus,27.522,-235.814,29.93,89.31
11l_0095,left_dome,hoop_3_minus,31.698,-244.405,31.53,89.25
11l_0096,cylinder,hoop_1_minus,80.337,180.65,26.6,83.44
11l_0097,left_dome,hoop_2_plus,26.208,-267.078,27.17,83.64
11l_0098,junction,hoop_1_minus,78.682,182.9,28.03,83.88
11l_0099,left_dome,hoop_2_minus,25.934,-272.54,26.94,82.41
11l_0100,left_dome,hoop_3_plus,31.677,-227.779,32.7,91.04
11l_0101,boss,hoop_3_plus,27.453,235.626,28.12,89.54
11l_0102,cylinder,hoop_1_plus,92.494,-106.293,32.27,95.52
11l_0103,junction,hoop_1_minus,71.049,221.571,23.58,76.06
11l_0104,cylinder,helical_2_minus,100.367,130.754,27.64,95.01
11l_0105,junction,hoop_2_minus,72.736,207.163,28.0,79.69
11l_0106,cylinder,hoop_1_minus,75.847,208.654,23.01,79.06
11l_0107,left_dome,hoop_3_plus,29.046,-215.055,30.13,94.57
11l_0108,left_dome,hoop_2_plus,26.591,-259.587,27.98,84.41
11l_0109,left_dome,hoop_2_plus,30.396,-256.108,30.51,85.76
11l_0110,cylinder,hoop_1_minus,79.188,171.529,28.57,84.32
11l_0111,left_dome,hoop_2_minus,25.737,-253.401,27.75,85.67
11l_0112,boss,hoop_2_minus,33.32,244.946,31.75,88.79
11l_0113,left_dome,hoop_3_minus,26.509,-283.226,26.87,80.97
11l_0114,junction,hoop_1_minus,82.111,174.292,28.69,86.0
11l_0115,junction,hoop_2_plus,75.636,201.621,27.41,80.52
11l_0116,junction,hoop_1_minus,74.048,226.167,26.06,76.8
11l_0117,left_dome,hoop_3_plus,30.483,-230.733,31.14,91.49
11l_0118,left_dome,transition_1_minus,35.156,-217.278,27.73,94.41
11l_0119,left_dome,hoop_3_minus,28.976,-225.266,28.3,93.04
11l_0120,cylinder,hoop_1_minus,85.243,161.562,25.24,88.65
11l_0121,cylinder,hoop_1_minus,74.813,201.533,27.81,78.08
11l_0122,left_dome,hoop_2_minus,27.466,-242.487,28.84,87.79
11l_0123,left_dome,hoop_3_minus,24.848,-222.429,26.87,93.2
11l_0124,left_dome,hoop_3_plus,26.867,-283.635,28.5,81.15
11l_0125,left_dome,hoop_2_plus,27.197,-295.304,28.52,79.34
11l_0126,junction,hoop_1_minus,89.776,125.971,27.04,94.38
11l_0127,left_dome,hoop_2_minus,31.855,-219.771,31.85,94.81
11l_0128,cylinder,hoop_1_minus,73.915,222.85,21.98,77.04
11l_0129,left_dome,hoop_1_plus,24.228,-303.282,25.94,77.58
11l_0130,left_dome,hoop_2_minus,23.074,-302.545,24.26,78.26
11l_0131,boss,hoop_3_plus,25.983,274.098,26.28,82.94
11l_0132,left_dome,hoop_2_plus,21.28,-269.096,23.88,82.79
11l_0133,junction,hoop_1_minus,83.006,151.167,25.32,88.13
11l_0134,left_dome,hoop_2_minus,26.603,-284.223,28.17,81.08
11l_0135,left_dome,hoop_2_minus,26.555,-210.823,28.16,95.41
11l_0136,left_dome,hoop_3_plus,24.823,-248.004,26.5,87.06
11l_0137,left_dome,hoop_2_minus,25.56,-277.138,25.61,82.69
11l_0138,left_dome,hoop_1_minus,24.914,-271.157,27.15,82.6
11l_0139,left_dome,hoop_2_plus,24.261,-265.078,24.58,84.92
11l_0140,left_dome,hoop_2_minus,23.972,-311.001,23.92,77.41
11l_0141,left_dome,hoop_3_plus,27.696,-207.997,29.45,95.66
11l_0142,left_dome,hoop_3_minus,29.478,-221.518,29.19,93.57
11l_0143,left_dome,hoop_2_plus,29.643,-239.88,30.48,88.46
11l_0144,left_dome,hoop_2_minus,29.227,-241.587,28.75,89.05
11l_0145,boss,helical_3_plus,39.326,219.342,31.16,94.32
11l_0146,left_dome,hoop_2_plus,23.633,-298.902,25.7,78.55
11l_0147,left_dome,hoop_1_minus,21.967,-300.879,23.24,78.21
11l_0148,junction,hoop_1_plus,80.16,180.721,23.76,83.81
11l_0149,left_dome,hoop_3_minus,32.478,-212.811,33.3,94.61
11l_0150,junction,hoop_2_plus,76.295,182.821,23.59,83.25
11l_0151,left_dome,helical_3_plus,41.908,-226.989,32.15,93.33
11l_0152,cylinder,helical_2_plus,95.594,154.604,30.44,90.01
11l_0153,cylinder,hoop_1_minus,86.665,135.133,26.04,91.62
11l_0154,cylinder,hoop_1_minus,75.89,212.583,27.51,78.09
11l_0155,boss,transition_1_plus,30.803,309.948,24.88,77.32
11l_0156,left_dome,hoop_2_minus,30.992,-216.174,32.31,93.54
11l_0157,junction,hoop_1_plus,87.993,144.892,29.61,91.24
11l_0158,cylinder,hoop_1_minus,74.769,215.137,24.05,78.46
11l_0159,cylinder,hoop_1_minus,77.611,191.579,26.53,80.27
11l_0160,cylinder,helical_2_plus,89.661,191.479,24.99,81.66
11l_0161,cylinder,hoop_1_minus,76.762,196.854,28.37,80.12
11l_0162,cylinder,hoop_2_minus,88.818,-76.065,28.4,95.45
11l_0163,junction,hoop_1_plus,87.809,137.942,29.79,91.77
11l_0164,left_dome,hoop_2_minus,24.469,-296.784,25.44,79.48
11l_0165,left_dome,hoop_2_plus,32.149,-241.461,29.17,91.0
11l_0166,left_dome,hoop_2_minus,25.229,-235.235,26.0,90.34
11l_0167,left_dome,transition_1_plus,26.084,-272.75,23.65,84.36
11l_0168,junction,hoop_1_minus,74.349,211.242,23.67,78.82
11l_0169,left_dome,hoop_2_minus,31.739,-218.073,32.56,93.62
11l_0170,left_dome,hoop_2_minus,30.064,-228.449,28.97,92.95
11l_0171,left_dome,hoop_2_minus,23.114,-290.47,24.78,79.73
11l_0172,cylinder,hoop_1_minus,84.759,164.204,28.72,87.17
11l_0173,left_dome,hoop_2_plus,30.158,-226.298,31.29,91.52
11l_0174,junction,hoop_1_minus,74.542,216.142,23.94,77.96
11l_0175,junction,hoop_1_minus,73.116,227.613,21.5,76.37
11l_0176,left_dome,hoop_2_minus,25.448,-289.545,26.34,79.78
11l_0177,left_dome,hoop_2_plus,28.98,-278.447,26.52,83.36
11l_0178,left_dome,hoop_2_minus,22.952,-288.811,23.55,80.57
11l_0179,boss,hoop_3_plus,27.119,283.293,27.0,81.88
11l_0180,cylinder,hoop_1_minus,79.51,187.179,26.53,82.15
11l_0181,left_dome,hoop_2_plus,26.063,-314.723,25.91,76.89
11l_0182,junction,hoop_1_minus,77.934,179.467,29.65,82.75
11l_0183,cylinder,hoop_1_minus,86.404,140.262,26.72,90.23
11l_0184,left_dome,hoop_3_plus,29.952,-213.348,30.61,95.0
11l_0185,left_dome,transition_1_minus,37.407,-225.578,30.1,92.48
11l_0186,junction,hoop_2_plus,74.524,194.621,25.7,81.18
11l_0187,cylinder,hoop_1_plus,88.877,-116.043,27.14,92.31
11l_0188,cylinder,hoop_1_minus,75.544,213.512,23.55,77.52
11l_0189,left_dome,helical_4_minus,36.112,-231.005,27.06,92.26
11l_0190,left_dome,hoop_3_minus,28.574,-228.015,28.88,92.25
11l_0191,cylinder,hoop_2_plus,72.926,214.679,23.62,78.03
11l_0192,left_dome,hoop_1_plus,26.559,-210.894,29.37,93.99
11l_0193,left_dome,hoop_2_plus,24.793,-294.431,25.71,79.53
11l_0194,left_dome,hoop_2_minus,29.165,-260.662,29.43,85.06
11l_0195,left_dome,hoop_3_plus,27.585,-270.04,28.22,83.06
11l_0196,left_dome,hoop_3_minus,32.025,-218.902,32.28,93.82
11l_0197,left_dome,hoop_2_plus,22.691,-291.763,23.53,79.93
11l_0198,cylinder,hoop_1_minus,80.356,168.633,25.04,85.35
11l_0199,junction,hoop_1_minus,84.068,163.275,26.69,87.48
11l_0200,cylinder,hoop_1_minus,82.236,168.775,27.69,85.87
11l_0201,left_dome,transition_1_minus,36.013,-239.928,32.47,91.08
11l_0202,left_dome,hoop_2_minus,23.623,-289.695,23.69,80.35
11l_0203,left_dome,transition_1_plus,35.516,-224.34,29.18,91.98
11l_0204,cylinder,hoop_1_plus,88.168,-119.957,30.26,91.17
11l_0205,left_dome,hoop_1_minus,24.381,-258.313,25.88,84.7
11l_0206,left_dome,hoop_1_minus,25.872,-226.501,27.17,91.81
11l_0207,left_dome,hoop_2_plus,23.831,-251.893,25.28,87.02
11l_0208,junction,hoop_1_plus,75.559,209.688,23.27,77.91
11l_0209,junction,hoop_1_minus,73.698,211.846,25.27,78.7
11l_0210,junction,hoop_1_minus,81.253,160.896,25.91,86.95
11l_0211,cylinder,hoop_1_plus,91.121,-110.33,32.81,94.2
11l_0212,left_dome,hoop_2_minus,27.833,-284.438,26.69,81.7
11l_0213,cylinder,hoop_1_minus,77.632,187.333,23.42,80.86
11l_0214,left_dome,hoop_2_plus,23.513,-282.671,24.08,81.21
11l_0215,left_dome,hoop_3_minus,26.162,-291.844,26.18,80.29
11l_0216,cylinder,hoop_1_minus,79.752,186.479,25.34,82.07
11l_0217,junction,hoop_2_plus,84.1,158.192,29.64,88.0
11l_0218,junction,hoop_2_plus,76.225,194.8,25.49,80.7
11l_0219,left_dome,hoop_3_plus,29.081,-218.466,29.45,94.02
11l_0220,left_dome,transition_1_minus,30.094,-296.688,23.26,79.43
11l_0221,boss,helical_4_plus,36.028,248.561,26.34,88.9
11l_0222,cylinder,hoop_1_minus,85.241,132.683,30.52,91.86
11l_0223,cylinder,hoop_1_minus,76.793,182.062,24.5,82.56
11l_0224,cylinder,hoop_1_minus,89.713,141.083,26.4,92.04
11l_0225,left_dome,hoop_3_minus,27.513,-258.203,28.71,85.32
11l_0226,left_dome,hoop_1_minus,32.265,-254.714,29.49,87.85
11l_0227,junction,helical_1_minus,93.182,149.8,26.14,87.77
11l_0228,junction,hoop_1_minus,82.465,169.117,24.1,85.49
11l_0229,junction,hoop_1_minus,78.518,184.417,29.85,83.52
11l_0230,left_dome,hoop_2_minus,29.992,-236.699,30.67,89.87
11l_0231,left_dome,hoop_2_plus,23.647,-307.805,24.49,77.43
11l_0232,left_dome,hoop_3_minus,23.553,-269.952,24.35,83.96
11l_0233,left_dome,hoop_3_plus,33.801,-225.569,33.33,92.65
11l_0234,left_dome,hoop_2_minus,31.566,-248.279,31.21,88.08
11l_0235,junction,hoop_1_minus,78.13,192.892,27.4,81.27
11l_0236,junction,hoop_1_minus,87.585,127.896,30.69,91.28
11l_0237,left_dome,hoop_2_minus,31.891,-225.784,32.52,91.9
11l_0238,left_dome,hoop_3_minus,25.751,-276.097,25.59,82.88
11l_0239,left_dome,hoop_3_plus,28.701,-245.637,29.87,87.12
11l_0240,cylinder,hoop_1_minus,86.875,149.775,31.71,90.76
11l_0241,left_dome,hoop_2_minus,32.476,-237.929,31.53,90.3
11l_0242,left_dome,hoop_2_plus,26.732,-220.604,27.76,93.45
11l_0243,cylinder,hoop_1_minus,72.512,222.529,24.18,76.33
11l_0244,boss,helical_3_minus,38.217,218.453,28.47,95.73
11l_0245,left_dome,hoop_3_minus,32.506,-228.773,32.53,92.73
11l_0246,junction,hoop_2_plus,72.25,207.971,28.16,79.61
11l_0247,cylinder,hoop_1_minus,82.328,170.783,28.04,86.19
11l_0248,cylinder,hoop_1_minus,82.742,167.933,24.52,87.4
11l_0249,left_dome,hoop_2_plus,23.774,-284.137,25.1,80.83
11l_0250,left_dome,hoop_2_minus,28.529,-251.674,30.31,85.91
11l_0251,boss,hoop_1_minus,35.098,227.846,33.06,92.9
11l_0252,left_dome,hoop_2_minus,27.458,-223.639,27.16,93.1
11l_0253,cylinder,hoop_1_minus,80.397,171.958,29.36,84.55
11l_0254,left_dome,hoop_2_plus,22.839,-289.21,24.16,79.84
11l_0255,left_dome,hoop_2_minus,26.543,-310.273,27.1,77.62
11l_0256,boss,hoop_3_plus,22.167,302.31,22.24,78.79
11l_0257,left_dome,hoop_3_plus,31.7,-210.178,31.97,95.98
11l_0258,cylinder,hoop_2_minus,84.13,-114.153,26.86,92.51
11l_0259,left_dome,hoop_1_minus,25.459,-262.036,26.5,84.77
11l_0260,left_dome,hoop_2_minus,27.58,-275.992,28.57,82.34
11l_0261,cylinder,hoop_1_minus,74.352,208.812,26.39,79.31
11l_0262,left_dome,hoop_3_plus,29.302,-269.904,29.13,83.7
11l_0263,junction,hoop_2_plus,73.018,216.867,24.36,77.87
11l_0264,junction,hoop_1_minus,71.271,225.396,26.58,77.0
11l_0265,left_dome,hoop_2_minus,24.594,-278.725,25.92,82.3
11l_0266,left_dome,hoop_2_minus,28.647,-251.797,30.0,86.6
11l_0267,left_dome,hoop_1_minus,24.52,-302.614,25.79,77.77
11l_0268,cylinder,hoop_1_minus,85.509,-127.22,25.39,89.1
11l_0269,cylinder,hoop_1_minus,74.565,212.312,27.06,78.75
11l_0270,left_dome,hoop_2_minus,26.269,-213.908,28.11,95.13
11l_0271,cylinder,hoop_1_minus,78.76,179.375,28.19,83.49
11l_0272,cylinder,hoop_1_minus,85.155,145.129,28.83,88.69
11l_0273,left_dome,hoop_1_minus,30.711,-233.186,27.75,92.82
11l_0274,cylinder,hoop_1_minus,75.0,203.204,26.48,78.33
11l_0275,cylinder,hoop_1_plus,92.238,-106.76,27.59,94.27
11l_0276,cylinder,hoop_1_minus,78.923,190.325,28.26,82.36
11l_0277,cylinder,hoop_2_minus,87.356,103.59,28.95,94.73
11l_0278,cylinder,hoop_1_minus,88.971,121.858,28.27,92.15
11l_0279,left_dome,hoop_2_minus,23.355,-286.739,23.24,80.78
11l_0280,junction,hoop_1_plus,75.756,214.592,22.63,77.22
11l_0281,left_dome,hoop_3_plus,30.93,-210.12,32.36,95.93
11l_0282,cylinder,hoop_2_minus,84.892,-118.153,25.96,92.09
11l_0283,cylinder,hoop_1_minus,79.637,181.029,30.09,84.71
11l_0284,left_dome,hoop_2_plus,26.602,-216.33,28.22,93.68
11l_0285,left_dome,hoop_2_minus,29.261,-221.095,31.5,92.4
11l_0286,left_dome,hoop_3_plus,27.996,-216.133,28.48,94.92
11l_0287,left_dome,hoop_3_plus,31.472,-215.946,32.31,94.53
11l_0288,cylinder,hoop_1_minus,81.109,180.458,26.83,84.04
11l_0289,left_dome,hoop_2_minus,23.631,-252.226,25.33,86.74
11l_0290,boss,helical_3_plus,37.729,256.285,29.91,86.31
11l_0291,left_dome,hoop_2_plus,26.98,-259.651,28.02,85.17
11l_0292,left_dome,helical_3_plus,38.482,-236.667,30.25,90.41
11l_0293,cylinder,hoop_1_minus,77.525,197.125,26.95,81.43
11l_0294,cylinder,hoop_2_plus,70.372,205.137,23.61,77.68
11l_0295,left_dome,helical_3_plus,36.611,-238.91,28.04,90.18
11l_0296,junction,hoop_1_minus,87.179,156.342,30.04,89.95
11l_0297,junction,hoop_1_plus,81.943,166.246,25.53,85.61
11l_0298,boss,helical_3_minus,36.568,244.985,28.53,88.6
11l_0299,left_dome,hoop_3_minus,25.858,-238.178,27.65,89.42
11l_0300,left_dome,hoop_2_plus,28.167,-237.196,31.0,88.33
11l_0301,cylinder,hoop_1_minus,75.416,212.679,23.19,78.41
11l_0302,junction,hoop_1_minus,84.569,157.971,26.45,88.28
11l_0303,left_dome,hoop_1_minus,25.688,-281.77,28.12,80.58
11l_0304,cylinder,hoop_1_minus,82.578,171.583,25.01,86.46
11l_0305,junction,hoop_1_plus,75.238,209.621,23.63,79.08
11l_0306,left_dome,hoop_2_plus,31.427,-225.35,32.76,91.37
11l_0307,left_dome,hoop_2_minus,32.157,-212.414,32.67,95.85
11l_0308,left_dome,hoop_2_minus,27.317,-276.032,26.99,83.22
11l_0309,left_dome,hoop_3_minus,29.952,-234.977,30.63,90.08
11l_0310,cylinder,hoop_1_minus,87.263,157.258,29.84,89.7
11l_0311,left_dome,hoop_3_plus,26.352,-214.524,27.59,95.61
11l_0312,cylinder,hoop_1_minus,77.241,207.104,28.24,79.58
11l_0313,cylinder,hoop_2_minus,72.775,207.337,24.79,79.86
11l_0314,left_dome,transition_1_plus,39.662,-211.306,33.53,95.22
11l_0315,left_dome,hoop_3_plus,29.708,-216.128,29.94,95.19
11l_0316,boss,hoop_1_plus,30.402,268.939,27.3,85.24
11l_0317,cylinder,hoop_1_minus,83.375,167.254,31.19,87.52
11l_0318,left_dome,hoop_1_minus,21.891,-316.855,24.46,76.11
11l_0319,cylinder,hoop_2_minus,70.188,217.879,27.02,78.16
11l_0320,junction,hoop_1_minus,89.414,131.096,26.54,92.85
11l_0321,left_dome,hoop_2_minus,26.152,-262.224,27.75,84.96
11l_0322,cylinder,helical_2_plus,94.942,152.058,26.75,88.94
11l_0323,left_dome,hoop_2_minus,22.353,-271.91,23.31,82.83
11l_0324,cylinder,hoop_1_plus,91.657,-82.552,26.83,94.11
11l_0325,cylinder,hoop_1_plus,90.647,-116.843,26.08,91.71
11l_0326,cylinder,hoop_2_minus,74.009,195.104,25.83,81.91
11l_0327,left_dome,hoop_1_minus,28.56,-284.75,25.79,82.24
11l_0328,left_dome,hoop_3_minus,27.04,-237.866,27.38,90.71
11l_0329,left_dome,hoop_3_minus,29.803,-224.927,30.79,92.98
11l_0330,left_dome,hoop_2_plus,25.615,-246.98,28.04,87.64
11l_0331,junction,hoop_1_minus,79.358,179.9,24.23,84.15
11l_0332,cylinder,hoop_1_minus,79.77,177.833,28.01,84.28
11l_0333,left_dome,hoop_2_minus,28.879,-264.12,30.23,84.23
11l_0334,boss,helical_4_plus,33.256,250.706,24.69,87.9
11l_0335,left_dome,hoop_2_minus,29.055,-229.604,26.92,93.16
11l_0336,left_dome,hoop_2_minus,29.3,-240.302,28.45,89.56
11l_0337,left_dome,hoop_2_minus,32.668,-246.392,32.04,88.99
11l_0338,left_dome,hoop_1_minus,20.248,-297.223,21.94,78.36
11l_0339,left_dome,transition_2_plus,25.187,-304.61,27.71,76.97
11l_0340,cylinder,hoop_1_minus,83.685,152.033,24.0,85.72
11l_0341,cylinder,hoop_1_minus,78.938,165.975,29.94,83.17
11l_0342,cylinder,hoop_1_minus,77.747,196.5,22.9,81.8
11l_0343,cylinder,hoop_1_minus,85.652,163.504,31.83,88.42
11l_0344,left_dome,hoop_2_minus,27.201,-220.102,26.81,95.76
11l_0345,left_dome,hoop_3_minus,32.191,-241.079,32.33,89.81
11l_0346,boss,hoop_3_plus,22.022,307.578,21.77,77.76
11l_0347,left_dome,hoop_2_plus,28.27,-286.874,28.87,80.19
11l_0348,junction,hoop_1_minus,89.872,119.938,25.93,92.59
11l_0349,cylinder,hoop_1_minus,79.287,168.804,29.76,82.67
11l_0350,junction,hoop_1_minus,78.981,181.517,23.69,84.61
11l_0351,junction,hoop_1_minus,83.02,175.567,30.9,85.84
11l_0352,cylinder,hoop_1_minus,87.267,138.012,24.79,88.55
11l_0353,left_dome,hoop_3_plus,27.128,-298.016,28.5,79.17
11l_0354,left_dome,hoop_1_plus,21.489,-262.063,23.45,83.75
11l_0355,left_dome,hoop_1_minus,28.266,-275.26,29.44,81.78
11l_0356,boss,helical_3_plus,34.919,254.976,24.52,87.58
11l_0357,cylinder,hoop_1_minus,82.411,144.654,31.4,87.22
11l_0358,boss,helical_4_minus,31.484,271.625,23.47,83.83
11l_0359,left_dome,transition_2_minus,34.969,-243.661,32.21,89.48
11l_0360,junction,hoop_1_minus,72.947,205.396,21.52,76.84
11l_0361,cylinder,hoop_1_minus,79.218,178.812,26.02,83.33
11l_0362,cylinder,hoop_1_minus,74.099,202.233,27.05,79.0
11l_0363,left_dome,hoop_2_minus,29.471,-234.881,30.89,90.06
11l_0364,left_dome,hoop_3_minus,28.612,-275.946,29.34,81.95
11l_0365,cylinder,hoop_1_minus,87.717,136.2,27.62,90.45
11l_0366,left_dome,transition_1_minus,31.638,-238.568,29.39,90.86
11l_0367,cylinder,hoop_1_minus,79.809,178.908,29.07,84.82
11l_0368,left_dome,hoop_2_minus,24.098,-263.836,23.86,84.86
11l_0369,cylinder,hoop_1_minus,74.458,206.354,28.16,78.92
11l_0370,cylinder,hoop_1_minus,87.201,146.875,25.7,89.67
11l_0371,boss,helical_3_minus,31.745,293.608,24.34,80.07
11l_0372,left_dome,hoop_2_minus,22.709,-314.425,24.56,76.53
11l_0373,left_dome,hoop_2_plus,26.052,-295.934,27.87,78.57
11l_0374,junction,hoop_1_minus,80.317,176.767,26.49,85.15
11l_0375,left_dome,transition_2_minus,29.423,-251.934,26.9,88.21
11l_0376,left_dome,hoop_2_minus,25.119,-265.697,26.73,83.6
11l_0377,left_dome,hoop_3_minus,24.001,-317.869,25.01,76.23
11l_0378,cylinder,helical_2_plus,102.594,130.587,33.87,95.84
11l_0379,left_dome,hoop_2_minus,29.743,-249.897,30.48,86.68
11l_0380,left_dome,hoop_2_plus,28.149,-248.029,29.67,87.31
11l_0381,junction,hoop_1_minus,80.016,172.038,28.07,86.0
11l_0382,left_dome,hoop_3_minus,24.15,-245.163,25.39,88.37
11l_0383,left_dome,hoop_3_minus,25.649,-241.228,26.83,89.14
11l_0384,junction,hoop_1_minus,76.795,197.267,28.12,80.4
