variant,mesh,case_id,solver_status,max_fiber_stress_ratio_abs,fiber_stress_ratio_p95_abs,fiber_stress_ratio_p99_abs,fiber_proxy_zone,fiber_proxy_ply_name,fiber_proxy_local_angle_deg,failure_stress_samples,wall_time_s
baseline,16,11l_0122,ccx_completed,0.8458607894517912,0.4120718347263003,0.6828015803466108,left_dome,hoop_2_minus,-87.85,53760,51.900000000000006
baseline,16,11l_0318,ccx_completed,0.551466730861791,0.2561153907042103,0.3558323725257452,left_dome,hoop_1_minus,-88.67,60480,59.5
baseline,16,11l_0136,ccx_completed,0.7168766910087744,0.3414936385356514,0.5207207819927554,left_dome,hoop_3_plus,88.56,53760,51.400000000000006
baseline,16,11l_0007,ccx_completed,0.5855543007682829,0.3617999116408367,0.49069574259906135,cylinder,hoop_1_minus,-86.54,53760,51.4
baseline,24,11l_0122,ccx_completed,0.8603421769109673,0.42061410435995156,0.600171232629706,left_dome,hoop_2_minus,-87.85,91392,104.4
baseline,24,11l_0318,ccx_completed,0.5678738350850305,0.2619856397090837,0.3348355181360679,left_dome,hoop_1_minus,-88.67,102816,132.60000000000002
baseline,24,11l_0136,ccx_completed,0.7360312177500382,0.3466189511484462,0.4852006234395708,left_dome,hoop_3_plus,88.56,91392,103.0
baseline,24,11l_0007,ccx_completed,0.5205493207624318,0.37449321904711885,0.4783286151445586,cylinder,hoop_1_minus,-86.54,91392,111.1
baseline,32,11l_0122,ccx_completed,1.0316276862387244,0.42915435157358023,0.9230341859799569,left_dome,hoop_1_plus,87.85,160768,154.0
baseline,32,11l_0318,ccx_completed,0.5710962727288431,0.26277552204926274,0.29108758678205066,left_dome,hoop_1_plus,88.67,180864,282.2
baseline,32,11l_0136,ccx_completed,0.7561429463366661,0.34266792192618933,0.46904847086293366,left_dome,hoop_2_plus,88.56,160768,154.1
baseline,32,11l_0007,ccx_completed,0.6403751686304707,0.3760780169184025,0.4546842166720958,left_dome,hoop_2_plus,86.54,160768,154.0
baseline,48,11l_0122,ccx_completed,1.0909541649978318,0.4344911251056317,0.6497664616505054,left_dome,transition_2_plus,87.43744126687687,357888,386.1
baseline,48,11l_0318,ccx_completed,0.6240679274204758,0.2652621605418002,0.3995673761039292,left_dome,transition_1_plus,87.43744126687687,402624,399.5
baseline,48,11l_0136,ccx_completed,0.7486492996443349,0.3452981617268373,0.44547791226455674,left_dome,hoop_1_plus,88.56,357888,341.29999999999995
baseline,48,11l_0007,ccx_completed,0.5361324447652441,0.3808899216382323,0.3884525089837221,left_dome,hoop_1_plus,86.54,357888,338.9
baseline,64,11l_0122,ccx_completed,1.1101877098802115,0.4363242004884485,0.7300436298895966,left_dome,transition_1_plus,87.43744126687687,632832,604.4
baseline,64,11l_0318,ccx_completed,0.5026114174036828,0.26570578280671375,0.2838956663594289,left_dome,transition_1_plus,87.43744126687687,711936,751.9000000000001
baseline,64,11l_0136,ccx_completed,0.7459391131572385,0.34630094872085654,0.42107584279061205,left_dome,transition_1_plus,87.43744126687687,632832,618.3
baseline,64,11l_0007,ccx_completed,0.6084739423129082,0.3810830819427848,0.3922879023974738,left_dome,transition_2_minus,-87.43744126687687,632832,602.5
strict,16,11l_0122,ccx_completed,1.4451972844577565,0.49274604775336334,1.0225331575811838,left_dome,transition_2_minus,-87.43744126687687,50688,82.30000000000001
strict,16,11l_0318,ccx_completed,0.509207065770596,0.3413884479847005,0.4336969171242281,left_dome,hoop_2_minus,-88.67,55872,68.4
strict,16,11l_0136,ccx_completed,0.921768326119906,0.465267995336061,0.8553913955739937,left_dome,transition_1_minus,-87.43744126687687,46848,60.5
strict,16,11l_0007,ccx_completed,0.9029527321327486,0.387073683879633,0.7279385312256934,left_dome,transition_2_minus,-87.43744126687687,50688,61.4
strict,24,11l_0122,ccx_completed,1.2963219180783212,0.45679360951632325,0.6716448506123244,left_dome,transition_2_minus,-87.43744126687687,86784,108.80000000000001
strict,24,11l_0318,ccx_completed,0.5785412246323235,0.31155329146456723,0.4342635425523297,left_dome,hoop_2_minus,-88.67,95904,130.70000000000002
strict,24,11l_0136,ccx_completed,1.082304373187242,0.39182832100743303,0.682029189128311,left_dome,helical_3_minus,-41.291357318747686,81024,108.9
strict,24,11l_0007,ccx_completed,0.8833463128915384,0.37578537264260237,0.6551104700074726,left_dome,transition_2_minus,-87.43744126687687,86784,110.6
strict,32,11l_0122,ccx_completed,2.06515019814442,0.4360851943153395,1.2897864952638323,left_dome,transition_2_minus,-87.43744126687687,154624,147.8
strict,32,11l_0318,ccx_completed,0.5952897206060239,0.2775633151682664,0.459796574111229,left_dome,hoop_2_minus,-88.67,165504,189.29999999999998
strict,32,11l_0136,ccx_completed,1.658719225383303,0.4171356071040334,1.0519154451483184,left_dome,transition_1_minus,-87.43744126687687,142336,138.2
strict,32,11l_0007,ccx_completed,0.9573197073484608,0.4055653587849882,0.6729350134178175,left_dome,transition_2_minus,-87.43744126687687,154624,149.89999999999998
strict,48,11l_0122,ccx_completed,2.6416384374302058,0.5375070949968744,1.2526622268502599,left_dome,transition_1_plus,87.43744126687687,344064,298.0
strict,48,11l_0318,ccx_completed,0.7046847082116279,0.32973551015379526,0.5778414951949381,left_dome,transition_1_minus,-87.43744126687687,370368,394.20000000000005
strict,48,11l_0136,ccx_completed,1.0444148918020457,0.38221893308549026,0.6709660877437388,left_dome,transition_1_minus,-87.43744126687687,323328,298.0
strict,48,11l_0007,ccx_completed,1.4121232835862794,0.43874243972757665,0.7616167072101827,left_dome,transition_2_minus,-87.43744126687687,344064,317.7
strict,64,11l_0122,ccx_completed,1.9657974198035866,0.439925205669782,0.9481162413097217,left_dome,transition_2_minus,-87.43744126687687,608256,810.7
strict,64,11l_0318,ccx_completed,0.7933797512123222,0.2704566159367107,0.42509636890619884,left_dome,transition_2_minus,-87.43744126687687,656640,761.0
strict,64,11l_0136,ccx_completed,2.1973654344809144,0.3587233370542354,0.6976977230104591,left_dome,transition_1_minus,-87.43744126687687,568320,661.8
strict,64,11l_0007,ccx_completed,1.5131165272760008,0.4157612840701064,1.0897027195358033,left_dome,transition_2_minus,-87.43744126687687,608256,686.7
